customer_id,customer_name,gender,age,city,state,signup_date
C0001,Jeffrey Greene,Male,56,East Denise,Wyoming,2026-02-12
C0002,David Bailey,Male,49,Thompsonstad,South Carolina,2024-10-21
C0003,Kimberly Turner,Male,60,Michaelland,New Jersey,2024-12-14
C0004,Donald Whitehead,Female,24,East Hunterberg,New Hampshire,2025-11-26
C0005,Donna Reed,Male,48,Laneside,Ohio,2024-05-23
C0006,Joseph Cummings II,Female,42,Port Vickie,Oklahoma,2026-04-21
C0007,Kenneth Crawford,Female,28,East Willie,North Carolina,2024-08-22
C0008,Gary Noble,Male,58,West Ryantown,Colorado,2024-09-09
C0009,Deborah Watson,Male,24,Cynthiachester,Connecticut,2026-03-23
C0010,Leah Graham,Female,47,Housemouth,Pennsylvania,2024-05-31
C0011,Arthur Frank,Male,25,Parsonschester,New Jersey,2024-10-14
C0012,Kimberly Mcmahon,Male,62,Halltown,Vermont,2025-02-09
C0013,Henry Mata,Male,21,New Matthew,Minnesota,2025-07-28
C0014,Kathleen Petty,Female,53,Lake Robert,Montana,2024-10-17
C0015,Michael Sanders III,Female,45,East Brandon,New Mexico,2026-04-18
C0016,Thomas Garcia,Male,27,New Anthony,Pennsylvania,2024-11-10
C0017,Abigail Tran,Male,63,New Claudia,Louisiana,2024-11-03
C0018,Heather Cervantes,Female,39,West Troyhaven,Virginia,2024-07-16
C0019,Frank Collier,Female,52,Bakerfurt,New Jersey,2024-11-13
C0020,Tamara Smith,Male,60,Port Juan,West Virginia,2024-12-23
C0021,Shannon Townsend,Female,43,Cherylmouth,Pennsylvania,2025-04-30
C0022,Paige Reyes,Male,38,South Andrea,Idaho,2024-09-13
C0023,Todd Martin,Male,50,Hallview,Texas,2025-02-17
C0024,Victoria Everett,Female,57,New Ashley,New Hampshire,2025-09-25
C0025,Drew Prince,Female,49,Port Anthonychester,Vermont,2024-05-25
C0026,Paula Parker,Female,51,Lake Alison,Pennsylvania,2024-05-28
C0027,Marissa Esparza,Male,35,New Andre,Alaska,2025-02-17
C0028,Kimberly Bailey,Male,26,East Kristen,Minnesota,2024-09-08
C0029,Cynthia Richards,Male,18,Michaelview,South Carolina,2025-03-20
C0030,Carolyn Hughes,Female,19,Lake Timothy,Washington,2024-11-04
C0031,Eric Bass,Male,28,East Deannahaven,North Carolina,2024-12-16
C0032,Douglas Nguyen,Female,43,West Michelleside,Colorado,2025-11-25
C0033,Patricia Pham,Male,41,New Christianshire,Delaware,2024-06-19
C0034,Edward Vasquez,Male,34,West Aaronfort,Missouri,2025-09-23
C0035,Bethany Beasley,Female,36,Theresaberg,West Virginia,2025-01-18
C0036,Lauren Ross,Male,38,West Bryan,California,2024-10-02
C0037,Morgan Johnson,Female,48,Lake Jeanetteview,Oklahoma,2025-05-19
C0038,Robert Lee,Female,53,Bellville,Hawaii,2025-01-20
C0039,Eric Hill,Male,44,Port Tracyside,California,2024-08-20
C0040,Robert Miller,Female,60,North Jacqueline,Oregon,2025-10-22
C0041,Samantha Reese,Male,45,Lake Alishaland,Nebraska,2025-03-23
C0042,Miguel Bryan,Male,19,Lewischester,Illinois,2025-02-07
C0043,Daniel Mcdonald,Male,19,Scottburgh,Connecticut,2024-09-29
C0044,Heather Caldwell,Male,43,Wardchester,Maine,2024-10-03
C0045,Jennifer Wright,Female,32,East Marcia,Iowa,2026-02-07
C0046,Kenneth Robinson,Female,59,Lake Matthew,Minnesota,2025-05-18
C0047,James Tapia,Male,59,Lake Danielville,Indiana,2024-09-26
C0048,Julie Hill,Male,52,Smithview,Nevada,2025-05-01
C0049,Frank Small,Male,20,West Jasonstad,Rhode Island,2025-11-20
C0050,Lance Santana,Female,21,Patriciaton,North Carolina,2024-06-17
C0051,Toni Steele,Male,58,Brianport,Tennessee,2024-08-04
C0052,Elaine Alvarado,Female,25,Racheltown,Delaware,2025-08-08
C0053,William Riley,Female,19,Jenniferburgh,Connecticut,2026-04-17
C0054,Mark Williams,Male,40,Brianland,Ohio,2024-10-31
C0055,Juan Baker,Female,26,Ericshire,Indiana,2024-07-22
C0056,Juan Camacho,Male,52,South Ebonybury,Utah,2024-06-07
C0057,James Foster,Female,61,Port Austin,South Carolina,2025-06-15
C0058,Michael Richardson,Male,44,Ruiztown,Iowa,2025-07-11
C0059,Omar Smith,Male,23,Lake Stacey,Iowa,2024-11-05
C0060,Joshua Bell,Female,44,Nguyentown,West Virginia,2024-10-17
C0061,Joshua Thompson,Female,20,West Dennis,New Jersey,2026-01-01
C0062,Daniel Hood,Female,46,Carlland,Montana,2024-11-14
C0063,Cory Hansen,Male,49,East Troy,New York,2025-08-25
C0064,Reginald Nguyen,Male,49,Stephenchester,Illinois,2025-03-05
C0065,Tara Travis,Female,33,East Dawnfurt,Iowa,2026-04-24
C0066,Benjamin Brooks,Male,53,Jimenezberg,Virginia,2024-07-01
C0067,Marco Rodriguez,Male,52,Smithfurt,Montana,2024-06-13
C0068,Bruce Ramirez,Male,42,West Cory,Nebraska,2025-07-31
C0069,Mark Gardner,Male,57,West Kevinstad,Oklahoma,2024-05-07
C0070,Sean Terry,Male,19,East Mary,Louisiana,2026-02-21
C0071,Carmen Vaughn,Male,31,Jennifershire,Hawaii,2024-05-31
C0072,Brittany Reyes,Female,21,Mooreborough,Texas,2026-05-04
C0073,Sheila Moses,Female,61,Lake Lisahaven,Kansas,2024-12-15
C0074,Charles Wilkins,Male,36,Port Clayton,Illinois,2024-06-30
C0075,David Wood,Female,54,Fuentesfurt,Maryland,2024-08-17
C0076,Johnathan Lowe,Female,32,Hessville,Wyoming,2025-06-22
C0077,Paul Ruiz,Female,63,Harringtontown,West Virginia,2024-12-01
C0078,Brenda Chung,Male,38,West Lisa,Delaware,2026-01-07
C0079,Tina Mcmahon,Female,62,Stanleyland,Nevada,2024-07-13
C0080,Margaret Ali,Male,18,West Katherinebury,Montana,2025-05-07
C0081,Christopher Lopez,Male,47,North Brucestad,Oklahoma,2024-10-19
C0082,Ronald Ortiz DDS,Male,48,South Eric,Colorado,2026-05-02
C0083,Timothy Morrow,Female,55,East Juliaport,Oregon,2025-10-25
C0084,Jon Decker,Female,52,New Kyle,North Dakota,2025-11-13
C0085,Robert Norris,Male,51,Delgadofurt,Michigan,2024-08-12
C0086,Shawn Garrett,Male,62,Melissachester,Indiana,2025-04-12
C0087,Amy Wilson,Female,57,Rojasberg,Idaho,2025-01-20
C0088,Jennifer Gonzales,Male,42,North Michaelview,Ohio,2026-03-21
C0089,Daniel Stanton,Male,34,Taylorburgh,Idaho,2025-03-31
C0090,Allison Atkinson,Female,23,New Nathan,Nebraska,2024-12-18
C0091,Rebecca Norris,Female,34,East Charles,Minnesota,2025-07-22
C0092,Tyler Spencer,Female,65,Ramirezville,North Dakota,2026-02-27
C0093,Scott Kelly,Female,57,Rachelhaven,Maine,2024-07-03
C0094,Christopher Roberts,Female,35,Morganmouth,Maine,2025-11-27
C0095,Kevin Anderson,Female,58,West Lisaberg,Massachusetts,2025-06-29
C0096,Tara Anderson,Female,31,East Kimberlytown,Ohio,2025-05-07
C0097,Vanessa Anderson,Male,23,Brianstad,Illinois,2026-03-14
C0098,Hannah Brown,Female,60,Chungport,Tennessee,2024-09-02
C0099,Robert Rodriguez,Female,57,Robertsonland,California,2025-07-06
C0100,Kyle Roberson,Female,50,Cantufurt,Maryland,2024-05-22
C0101,Adrienne Hamilton,Female,18,Kristenfort,North Dakota,2026-04-24
C0102,Jade Wilson,Female,23,Allenville,Alabama,2026-01-31
C0103,Jane Wood,Male,46,Hubbardberg,Ohio,2025-04-21
C0104,Chelsea Burton,Male,24,Port Connieview,New York,2024-10-07
C0105,Thomas Thornton,Male,43,South Brianastad,Mississippi,2025-02-07
C0106,Stanley Moore,Male,58,Comptonburgh,Hawaii,2025-10-02
C0107,Tina Harris,Male,24,Cannonville,Virginia,2024-08-27
C0108,Eric Cox,Female,19,Molinaburgh,Connecticut,2026-01-21
C0109,Gerald Richardson,Male,54,Hurleyfort,Mississippi,2025-08-31
C0110,Tiffany Wallace,Male,32,Allisonview,Hawaii,2024-09-24
C0111,Jeffrey Stanley,Male,18,Williamshire,Texas,2024-07-25
C0112,Kimberly Frye,Female,49,South Jennifer,Nebraska,2025-09-15
C0113,Jennifer Gutierrez,Female,42,North Pamela,Louisiana,2025-02-27
C0114,Wayne Chase,Female,36,Port Michaelbury,North Carolina,2026-01-02
C0115,Marvin Combs,Female,46,Allisonport,Wyoming,2025-08-17
C0116,Kevin Fisher,Female,36,New Amandamouth,Iowa,2025-09-29
C0117,Emily Rodriguez,Male,18,East Judithfurt,Michigan,2025-04-06
C0118,Melinda Sanchez,Male,64,Tinaside,North Carolina,2024-08-09
C0119,Amber Wright,Female,42,Grayfort,North Dakota,2025-07-10
C0120,Nicole Cruz,Female,28,Williamsbury,Minnesota,2025-03-09
C0121,Mary Bowman,Female,21,Port Richardstad,New Mexico,2025-01-27
C0122,Evelyn Anderson,Male,59,Eugeneport,Rhode Island,2024-06-27
C0123,Lisa Rivera,Female,42,East Tonyshire,Utah,2024-10-27
C0124,Melissa Noble,Female,63,New Nathan,Colorado,2024-10-08
C0125,Alexandra Greer,Male,41,Leonardton,Nevada,2025-03-14
C0126,Morgan Erickson,Male,19,Singletonfurt,Illinois,2024-09-28
C0127,Valerie Anderson,Male,46,Deannachester,Minnesota,2024-05-22
C0128,Lindsey Cabrera,Male,59,East Angelaport,Minnesota,2024-10-09
C0129,Michael Merritt,Male,28,East Julia,Nevada,2024-12-01
C0130,Ralph Ross,Male,45,North Phillip,Pennsylvania,2024-10-14
C0131,Jessica Hall,Male,56,Spencerland,Alaska,2026-03-23
C0132,Katherine Willis,Male,23,Christopherland,Nebraska,2025-04-04
C0133,Tracy Morrison,Male,37,Wellsfort,Mississippi,2025-01-31
C0134,Frederick Smith,Female,63,East Sethmouth,Tennessee,2026-01-21
C0135,Sean Jenkins,Male,48,South Ryanshire,Oklahoma,2025-12-29
C0136,Michael Buck,Female,61,West Jessicabury,Kentucky,2025-05-13
C0137,Stephen Lopez,Female,61,Wilsonfurt,Hawaii,2025-04-13
C0138,Anna Green,Male,40,South Steve,Mississippi,2026-01-20
C0139,Kimberly Morrow,Female,28,Chapmanberg,South Carolina,2025-06-18
C0140,Amy Frazier,Female,20,New Matthew,Arizona,2025-05-28
C0141,Robert Mitchell,Female,50,Farmerburgh,Rhode Island,2025-10-14
C0142,Anthony Mercado,Male,34,South Rebeccamouth,Minnesota,2026-04-06
C0143,Marissa Jackson,Male,22,Collinsborough,Montana,2025-04-15
C0144,Dr. Jacqueline Escobar,Female,26,South Michelleberg,Minnesota,2024-09-25
C0145,Christine Lee,Male,29,Jennifertown,Wyoming,2025-10-05
C0146,Peter Weber,Female,63,Velazquezstad,Nevada,2025-09-28
C0147,Melissa Jones,Male,55,North Alexander,Arizona,2024-06-10
C0148,Carrie Hart,Male,60,Lake Megan,Nevada,2026-01-15
C0149,Shannon Huffman,Male,55,New Allison,North Carolina,2024-09-01
C0150,Sarah Murphy,Male,51,North Paulside,Michigan,2025-03-25
C0151,Jesse Gardner,Male,58,West Zacharyview,Michigan,2024-08-08
C0152,Linda Stevenson,Female,49,New Jamesfort,Nevada,2025-10-30
C0153,Jill Lynch,Female,65,Lake Jesus,New Mexico,2025-02-15
C0154,Bernard Gonzalez,Female,35,South Susanmouth,New Hampshire,2024-06-19
C0155,Justin Wilson,Male,43,Patriciabury,Florida,2026-02-02
C0156,Christopher Scott,Female,42,Millerhaven,South Carolina,2024-08-18
C0157,Kevin Obrien,Male,37,Port Donald,California,2026-04-01
C0158,Sarah Peterson,Female,22,Alecborough,Indiana,2025-10-27
C0159,Meagan Patterson,Male,35,Mullenburgh,Colorado,2024-11-20
C0160,Angel Wood,Female,28,Kimberlyton,Maine,2025-04-25
C0161,Caitlin Hansen,Male,63,North Karen,Texas,2024-10-23
C0162,Douglas Johnson,Male,23,Nelsonview,Virginia,2024-05-18
C0163,Dr. Maria Mcbride DVM,Male,55,Rachelchester,Maine,2025-04-28
C0164,Troy Shaw,Female,25,East Sarahview,Oklahoma,2024-08-05
C0165,Brenda Wong,Male,27,Dawnberg,New Hampshire,2024-10-24
C0166,Dawn Forbes,Female,46,Brittanyberg,West Virginia,2026-02-09
C0167,William Gilbert,Male,65,Geraldbury,Utah,2025-07-21
C0168,Christopher Lopez,Female,20,South Janicefurt,Georgia,2024-06-08
C0169,Elizabeth Sellers,Male,36,Edwardsview,Michigan,2026-02-23
C0170,Nicole Collins,Male,59,Cartershire,Oregon,2026-03-12
C0171,James Gonzalez,Female,19,West Kimberly,Nevada,2025-03-27
C0172,Samantha Baker,Male,38,Williamstad,Michigan,2026-04-07
C0173,Melissa Huerta,Male,30,Torresberg,California,2026-02-05
C0174,Joseph Adams,Male,41,Romanport,Louisiana,2024-05-19
C0175,David Lloyd,Male,36,North Shannonstad,Delaware,2025-10-15
C0176,Gina Duke,Female,51,New Marco,Hawaii,2024-05-28
C0177,David Smith,Female,61,Stuarthaven,South Dakota,2025-05-29
C0178,Micheal Lopez,Female,30,New Sarah,South Dakota,2025-05-18
C0179,Erin Sullivan,Female,46,Amandahaven,Kansas,2025-11-26
C0180,Derek Johnson,Male,41,Crystalview,Florida,2025-02-15
C0181,Megan Montoya,Male,24,Lake Ryan,Nevada,2024-08-02
C0182,Mr. Douglas Baker,Male,63,Laurieborough,Utah,2024-06-12
C0183,Curtis Rosales,Female,34,North Thomas,Tennessee,2026-04-09
C0184,Patricia White,Male,42,Danielborough,Washington,2026-01-18
C0185,John Wallace,Female,46,Vanessaburgh,Pennsylvania,2024-07-11
C0186,John Smith,Male,33,Arroyofurt,Alabama,2026-01-02
C0187,Adam Bass,Female,46,South Tracytown,South Dakota,2025-11-16
C0188,Vanessa Russell,Male,51,West Jason,Maine,2025-11-10
C0189,Thomas Wright,Male,24,Lake Georgefurt,Vermont,2025-05-02
C0190,Andrew Wong,Male,50,New Jennifer,Tennessee,2024-08-14
C0191,Keith Walker,Female,21,Wheelershire,Illinois,2025-04-21
C0192,Mercedes Jones,Male,32,Phillipsport,Missouri,2026-01-12
C0193,Mary Lucas,Female,65,Johnathanstad,Pennsylvania,2024-09-30
C0194,Nichole Petersen,Male,65,Gabrielmouth,North Carolina,2025-01-24
C0195,Teresa Chang,Male,31,Port Patrickville,Maryland,2025-05-20
C0196,Kathy Owens,Male,53,Port Andrea,Michigan,2025-07-23
C0197,Brent Bell,Female,34,Jamesborough,Mississippi,2024-12-16
C0198,Kathleen Nelson,Female,37,West Kristen,Iowa,2025-11-28
C0199,Amanda White,Female,65,New Glendahaven,Idaho,2025-11-10
C0200,Jamie Hurst,Male,24,Grayfort,Alabama,2025-07-19
C0201,Benjamin Castro,Male,53,East Crystal,South Dakota,2026-02-15
C0202,Duane Schmidt,Male,42,Ronaldland,Maryland,2024-08-20
C0203,Donald Drake,Male,41,Pierceside,New Mexico,2024-12-23
C0204,Kelly Green,Male,24,Port Elizabethshire,Utah,2024-09-16
C0205,Michael Chambers,Female,43,Spencetown,Indiana,2024-07-19
C0206,Courtney White,Male,51,Christopherberg,West Virginia,2024-10-04
C0207,Ashley Alexander,Male,63,Castillofurt,Wyoming,2026-01-04
C0208,Dustin Howard,Female,27,Zacharyberg,New Mexico,2024-09-24
C0209,Zachary Boyd,Female,53,West Judy,Nevada,2026-01-26
C0210,Melissa Farrell,Male,42,North Shelly,Kentucky,2024-12-18
C0211,Heather Roberts,Female,40,Crystalburgh,Kentucky,2025-01-09
C0212,Justin Cain,Male,35,Ortegaton,Texas,2026-02-02
C0213,Rhonda Stephens,Female,59,Millerhaven,Indiana,2025-09-27
C0214,Timothy Smith,Male,50,Gallegosfurt,Florida,2025-07-30
C0215,Raymond Wheeler,Female,50,Graymouth,Missouri,2025-10-14
C0216,Robert Santos,Female,62,North Mariastad,South Dakota,2025-07-24
C0217,Linda Flores,Female,46,Bryceside,California,2026-04-10
C0218,Aaron Jimenez,Female,43,North Crystal,New Jersey,2025-09-30
C0219,Mr. Keith Miller,Female,54,Holmesbury,Wyoming,2024-06-27
C0220,Cynthia Lee,Female,20,Riveraport,North Dakota,2025-04-30
C0221,William Perkins,Male,37,North Rebeccamouth,Massachusetts,2026-04-16
C0222,Ashley Perez,Male,57,Shannonstad,Minnesota,2026-03-06
C0223,Tony Griffin Jr.,Male,47,New Kayla,North Dakota,2024-05-08
C0224,Morgan Whitaker,Female,24,West Michelleland,Iowa,2025-04-10
C0225,Gina Berry,Female,36,Port Heatherview,Washington,2025-10-22
C0226,Joe Davies,Female,65,Theresaview,Rhode Island,2026-01-20
C0227,Donna Gordon,Female,50,Isaacview,Alaska,2025-11-23
C0228,Amy Miller,Female,32,Port Amy,Montana,2025-09-17
C0229,Benjamin Hughes,Female,51,Smithview,Nebraska,2024-08-21
C0230,Patricia Hendrix,Male,62,South Rachelton,South Carolina,2025-03-15
C0231,Kevin Lee,Male,50,Matthewport,Florida,2024-09-15
C0232,Hannah Hale,Male,18,East Gary,North Carolina,2024-06-29
C0233,Chelsea Blackburn,Female,48,South Jose,Maryland,2024-06-18
C0234,Pamela Perez,Male,57,Macdonaldberg,Missouri,2024-11-25
C0235,Brandon White,Female,42,North Theresa,Hawaii,2025-10-12
C0236,Jacob Park,Female,64,Robinport,New York,2026-01-13
C0237,Douglas Dixon,Male,29,West Amanda,South Dakota,2024-12-25
C0238,Wendy Benson,Male,28,South Susanborough,Iowa,2024-06-06
C0239,Sheila Crawford,Male,52,Philipbury,West Virginia,2024-12-27
C0240,Gabriella Maxwell,Female,34,East Timothyport,Rhode Island,2024-10-09
C0241,Matthew Hanna,Female,42,South Jake,Ohio,2025-11-02
C0242,Mr. Christopher Cherry,Male,50,South Garrettborough,Kansas,2025-04-23
C0243,Rachel Smith,Female,50,New Randystad,Maine,2026-01-16
C0244,Brian Miller,Female,19,Port Laura,Maryland,2025-04-10
C0245,Taylor Nunez,Male,48,Adamsmouth,Oregon,2024-09-13
C0246,Anthony Jackson,Male,41,Lake Jason,Alabama,2025-05-07
C0247,Russell Dyer,Female,47,Lake Jenniferland,Alabama,2024-11-28
C0248,Jennifer Tran,Female,35,East Andrew,Wisconsin,2024-10-23
C0249,Wesley Conley,Male,63,Madelineberg,Minnesota,2025-02-22
C0250,Andrew Henry,Male,46,Kristenton,Wisconsin,2025-04-19
C0251,Willie Miller,Male,22,Lake Bruce,Nebraska,2025-01-10
C0252,Timothy Riddle,Female,65,North Veronicaside,Rhode Island,2024-12-19
C0253,Jeremy George,Female,58,Lake Alicialand,Washington,2024-11-05
C0254,Christina Olson,Male,30,Hillshire,Idaho,2024-08-15
C0255,Laurie Reed,Female,60,Schmidtmouth,Massachusetts,2025-10-11
C0256,Misty Smith,Female,47,Johnsonfort,Texas,2025-02-19
C0257,Brittney Walker,Female,60,Erinview,Texas,2025-01-03
C0258,Ryan Dennis,Male,65,South Elizabeth,Indiana,2026-04-30
C0259,Scott Clark,Male,41,North Markstad,Michigan,2025-11-12
C0260,Jeffery Lawson,Female,19,Port Anthonystad,Oklahoma,2026-02-12
C0261,Juan Poole,Female,41,Pattersonland,Montana,2026-04-17
C0262,Eric Smith,Female,28,Port Jasonfurt,Michigan,2025-04-20
C0263,Benjamin Washington,Male,36,South Davidfort,Oklahoma,2025-04-14
C0264,Richard Anderson,Male,40,Lake Susanfort,Minnesota,2025-07-20
C0265,Leslie Jones,Male,19,West Brenda,Texas,2025-03-24
C0266,Danielle Cox,Female,43,Hebertmouth,Maryland,2025-11-16
C0267,Angel Stanley,Male,22,Lake Hannahborough,Connecticut,2025-09-06
C0268,Robert Martinez,Male,49,Maldonadoview,New Hampshire,2024-07-04
C0269,Kara Hall,Male,58,New Michaelland,Maryland,2026-03-29
C0270,Jessica Johnston,Female,58,Younghaven,Rhode Island,2024-06-20
C0271,Michelle Roberts,Female,41,Port Patrick,Idaho,2025-07-24
C0272,Brian Haynes,Female,28,Port Crystalhaven,Louisiana,2025-12-19
C0273,Megan Guerrero,Female,28,Watersside,Nebraska,2025-11-06
C0274,Aaron Garcia,Female,40,Josephberg,Michigan,2025-02-06
C0275,Mary James,Female,23,Greenhaven,New Mexico,2026-01-23
C0276,Rachel Campos,Female,39,Lake Jimmy,Alabama,2025-08-16
C0277,Brianna Garcia,Female,44,Hurleymouth,Alabama,2025-10-23
C0278,Daniel Lane,Female,19,North Emilyville,Florida,2024-06-14
C0279,Yesenia Velasquez,Female,40,Juanchester,Maryland,2024-09-30
C0280,Corey Martin,Female,58,East Timothychester,Mississippi,2025-10-11
C0281,Vanessa Taylor,Male,27,Crawfordmouth,Kansas,2024-08-01
C0282,Tyler Brandt,Male,56,North Jeremy,Iowa,2025-11-27
C0283,Ms. Connie Torres,Female,49,New Craigborough,West Virginia,2026-02-26
C0284,Mark Mclaughlin,Female,33,North Carrie,Alaska,2024-09-01
C0285,John Kelly,Female,49,Campbellmouth,Indiana,2025-05-26
C0286,Dr. Phyllis Zimmerman,Female,47,Martinezberg,New York,2024-10-27
C0287,Karen Martin,Female,35,Kevinland,New Mexico,2024-12-23
C0288,Nancy Gonzalez,Male,26,Lake Scottborough,Arkansas,2026-05-02
C0289,Taylor Gaines,Female,18,Port Juanside,Texas,2024-08-12
C0290,Lindsay Hill,Male,39,Christopherfurt,Arizona,2024-10-12
C0291,Caitlin Kennedy,Male,39,New Jenniferside,Vermont,2026-02-16
C0292,Jonathan Shields,Female,18,Port Wesleyshire,Delaware,2025-10-16
C0293,Veronica Bennett,Female,45,New Aaronfort,Hawaii,2024-12-18
C0294,Miss Kathryn Perry,Male,44,West Johnhaven,Colorado,2025-08-25
C0295,Gregory Lee,Female,31,Darrylport,Minnesota,2025-03-19
C0296,Derrick Knox,Male,59,Josephfort,Maine,2026-05-01
C0297,Taylor Williams,Male,38,West Paul,Oregon,2026-01-15
C0298,Kayla Gutierrez,Female,59,East Tammie,New York,2025-12-16
C0299,Jamie Woodard,Female,40,Marieland,Alaska,2026-01-04
C0300,Samuel Gibson,Female,45,North Sarah,Oregon,2025-05-07
